{
  "mae": 1.2720389366149902,
  "rmse": 1.6330002546310425,
  "within_1": 49.02893380895759
}